{"left_elbow": 167.938496047325, "right_elbow": 168.3631622439186, "left_knee": 176.99885036987735, "right_knee": 176.39889644737488}