{"left_elbow": 59.49449155563777, "right_elbow": 53.68997297408165, "left_knee": 42.586760997885925, "right_knee": 176.3998074778951}